,Date,Home,Away
0,2012-08-18 00:00:00,0,0
1,2012-08-20 00:00:00,1,-1
2,2012-08-18 00:00:00,1,-1
3,2012-08-19 00:00:00,1,-1
4,2012-08-18 00:00:00,1,-1
5,2012-08-18 00:00:00,-1,1
6,2012-08-18 00:00:00,0,0
7,2012-08-18 00:00:00,1,-1
8,2012-08-18 00:00:00,1,-1
9,2012-08-19 00:00:00,-1,1
10,2012-11-03 00:00:00,0,0
11,2012-11-04 00:00:00,0,0
12,2012-11-03 00:00:00,1,-1
13,2012-11-03 00:00:00,1,-1
14,2012-11-04 00:00:00,0,0
15,2012-11-03 00:00:00,-1,1
16,2012-11-03 00:00:00,0,0
17,2012-11-03 00:00:00,-1,1
18,2012-11-05 00:00:00,1,-1
19,2012-11-03 00:00:00,0,0
20,2012-11-10 00:00:00,0,0
21,2012-11-10 00:00:00,-1,1
22,2012-11-11 00:00:00,0,0
23,2012-11-10 00:00:00,1,-1
24,2012-11-11 00:00:00,1,-1
25,2012-11-11 00:00:00,-1,1
26,2012-11-10 00:00:00,0,0
27,2012-11-10 00:00:00,0,0
28,2012-11-10 00:00:00,1,-1
29,2012-11-10 00:00:00,-1,1
30,2012-11-17 00:00:00,1,-1
31,2012-11-18 00:00:00,-1,1
32,2012-11-17 00:00:00,1,-1
33,2012-11-17 00:00:00,1,-1
34,2012-11-17 00:00:00,-1,1
35,2012-11-17 00:00:00,1,-1
36,2012-11-17 00:00:00,-1,1
37,2012-11-17 00:00:00,1,-1
38,2012-11-17 00:00:00,1,-1
39,2012-11-19 00:00:00,0,0
40,2012-11-24 00:00:00,0,0
41,2012-11-25 00:00:00,0,0
42,2012-11-24 00:00:00,0,0
43,2012-11-24 00:00:00,1,-1
44,2012-11-25 00:00:00,1,-1
45,2012-11-24 00:00:00,1,-1
46,2012-11-24 00:00:00,-1,1
47,2012-11-25 00:00:00,0,0
48,2012-11-25 00:00:00,1,-1
49,2012-11-24 00:00:00,1,-1
50,2012-11-27 00:00:00,1,-1
51,2012-11-28 00:00:00,1,-1
52,2012-11-28 00:00:00,0,0
53,2012-11-28 00:00:00,1,-1
54,2012-11-27 00:00:00,0,0
55,2012-11-28 00:00:00,1,-1
56,2012-11-28 00:00:00,1,-1
57,2012-11-28 00:00:00,-1,1
58,2012-11-28 00:00:00,0,0
59,2012-11-28 00:00:00,0,0
60,2012-12-01 00:00:00,-1,1
61,2012-12-01 00:00:00,-1,1
62,2012-12-01 00:00:00,1,-1
63,2012-12-01 00:00:00,0,0
64,2012-12-03 00:00:00,1,-1
65,2012-12-02 00:00:00,1,-1
66,2012-12-01 00:00:00,0,0
67,2012-12-01 00:00:00,-1,1
68,2012-12-01 00:00:00,-1,1
69,2012-12-01 00:00:00,1,-1
70,2012-12-08 00:00:00,1,-1
71,2012-12-08 00:00:00,0,0
72,2012-12-09 00:00:00,1,-1
73,2012-12-10 00:00:00,1,-1
74,2012-12-09 00:00:00,-1,1
75,2012-12-08 00:00:00,1,-1
76,2012-12-08 00:00:00,-1,1
77,2012-12-08 00:00:00,-1,1
78,2012-12-09 00:00:00,-1,1
79,2012-12-08 00:00:00,0,0
80,2013-01-16 00:00:00,0,0
81,2012-12-15 00:00:00,-1,1
82,2012-12-15 00:00:00,1,-1
83,2012-12-15 00:00:00,-1,1
84,2012-12-15 00:00:00,1,-1
85,2012-12-15 00:00:00,1,-1
86,2012-12-17 00:00:00,-1,1
87,2012-12-15 00:00:00,0,0
88,2012-12-16 00:00:00,1,-1
89,2012-12-16 00:00:00,0,0
90,2012-12-23 00:00:00,1,-1
91,2012-12-22 00:00:00,1,-1
92,2012-12-22 00:00:00,1,-1
93,2012-12-22 00:00:00,1,-1
94,2012-12-22 00:00:00,-1,1
95,2012-12-23 00:00:00,0,0
96,2012-12-22 00:00:00,0,0
97,2012-12-22 00:00:00,1,-1
98,2012-12-22 00:00:00,-1,1
99,2012-12-22 00:00:00,-1,1
100,2013-01-23 00:00:00,1,-1
101,2012-12-26 00:00:00,-1,1
102,2012-12-26 00:00:00,1,-1
103,2012-12-26 00:00:00,0,0
104,2012-12-26 00:00:00,1,-1
105,2012-12-26 00:00:00,-1,1
106,2012-12-26 00:00:00,-1,1
107,2012-12-26 00:00:00,0,0
108,2012-12-26 00:00:00,1,-1
109,2012-12-26 00:00:00,1,-1
110,2012-08-25 00:00:00,-1,1
111,2012-08-25 00:00:00,1,-1
112,2012-08-26 00:00:00,0,0
113,2012-08-25 00:00:00,0,0
114,2012-08-25 00:00:00,-1,1
115,2012-08-26 00:00:00,0,0
116,2012-12-11 00:00:00,1,-1
117,2012-08-25 00:00:00,1,-1
118,2012-08-25 00:00:00,0,0
119,2012-12-29 00:00:00,1,-1
120,2012-12-29 00:00:00,-1,1
121,2012-12-30 00:00:00,-1,1
122,2012-12-29 00:00:00,-1,1
123,2012-12-29 00:00:00,1,-1
124,2012-12-29 00:00:00,-1,1
125,2012-12-30 00:00:00,-1,1
126,2012-12-29 00:00:00,1,-1
127,2012-12-29 00:00:00,0,0
128,2012-12-29 00:00:00,-1,1
129,2013-01-02 00:00:00,-1,1
130,2013-01-02 00:00:00,1,-1
131,2013-01-01 00:00:00,1,-1
132,2013-01-02 00:00:00,-1,1
133,2013-01-01 00:00:00,0,0
134,2013-01-01 00:00:00,0,0
135,2013-01-01 00:00:00,1,-1
136,2013-01-01 00:00:00,-1,1
137,2013-01-01 00:00:00,1,-1
138,2013-01-01 00:00:00,-1,1
139,2013-01-13 00:00:00,-1,1
140,2013-01-12 00:00:00,-1,1
141,2013-01-12 00:00:00,0,0
142,2013-01-12 00:00:00,0,0
143,2013-01-13 00:00:00,1,-1
144,2013-01-12 00:00:00,0,0
145,2013-01-12 00:00:00,0,0
146,2013-01-12 00:00:00,1,-1
147,2013-01-12 00:00:00,-1,1
148,2013-01-12 00:00:00,1,-1
149,2013-01-20 00:00:00,1,-1
150,2013-01-19 00:00:00,1,-1
151,2013-01-19 00:00:00,1,-1
152,2013-01-19 00:00:00,-1,1
153,2013-01-21 00:00:00,0,0
154,2013-01-19 00:00:00,1,-1
155,2013-01-20 00:00:00,0,0
156,2013-01-19 00:00:00,0,0
157,2013-01-19 00:00:00,0,0
158,2013-01-19 00:00:00,-1,1
159,2013-01-30 00:00:00,0,0
160,2013-01-29 00:00:00,-1,1
161,2013-01-30 00:00:00,1,-1
162,2013-01-30 00:00:00,0,0
163,2013-01-29 00:00:00,0,0
164,2013-01-30 00:00:00,0,0
165,2013-01-29 00:00:00,0,0
166,2013-01-29 00:00:00,0,0
167,2013-01-30 00:00:00,1,-1
168,2013-01-30 00:00:00,1,-1
169,2013-02-02 00:00:00,1,-1
170,2013-02-02 00:00:00,0,0
171,2013-02-02 00:00:00,-1,1
172,2013-02-03 00:00:00,0,0
173,2013-02-02 00:00:00,1,-1
174,2013-02-02 00:00:00,0,0
175,2013-02-02 00:00:00,1,-1
176,2013-02-03 00:00:00,-1,1
177,2013-02-02 00:00:00,1,-1
178,2013-02-02 00:00:00,0,0
179,2013-02-10 00:00:00,1,-1
180,2013-02-09 00:00:00,1,-1
181,2013-02-11 00:00:00,-1,1
182,2013-02-10 00:00:00,1,-1
183,2013-02-09 00:00:00,0,0
184,2013-02-09 00:00:00,1,-1
185,2013-02-09 00:00:00,1,-1
186,2013-02-09 00:00:00,-1,1
187,2013-02-09 00:00:00,1,-1
188,2013-02-09 00:00:00,1,-1
189,2013-02-23 00:00:00,1,-1
190,2013-02-23 00:00:00,1,-1
191,2013-02-17 00:00:00,1,-1
192,2013-02-24 00:00:00,1,-1
193,2013-02-24 00:00:00,1,-1
194,2013-02-23 00:00:00,1,-1
195,2013-02-23 00:00:00,-1,1
196,2013-02-23 00:00:00,-1,1
197,2013-02-23 00:00:00,1,-1
198,2013-02-25 00:00:00,-1,1
199,2013-03-04 00:00:00,-1,1
200,2013-03-02 00:00:00,1,-1
201,2013-03-02 00:00:00,1,-1
202,2013-03-02 00:00:00,1,-1
203,2013-03-02 00:00:00,-1,1
204,2013-03-02 00:00:00,-1,1
205,2013-03-02 00:00:00,0,0
206,2013-03-02 00:00:00,1,-1
207,2013-03-03 00:00:00,1,-1
208,2013-03-02 00:00:00,-1,1
209,2013-04-16 00:00:00,0,0
210,2013-04-17 00:00:00,-1,1
211,2013-03-10 00:00:00,1,-1
212,2013-04-17 00:00:00,1,-1
213,2013-03-10 00:00:00,1,-1
214,2013-03-09 00:00:00,0,0
215,2013-03-09 00:00:00,1,-1
216,2013-03-09 00:00:00,-1,1
217,2013-03-09 00:00:00,1,-1
218,2013-04-17 00:00:00,0,0
219,2012-08-22 00:00:00,1,-1
220,2012-09-02 00:00:00,-1,1
221,2012-09-02 00:00:00,0,0
222,2012-09-02 00:00:00,-1,1
223,2012-09-01 00:00:00,0,0
224,2012-09-01 00:00:00,0,0
225,2012-09-01 00:00:00,1,-1
226,2012-09-01 00:00:00,1,-1
227,2012-09-01 00:00:00,0,0
228,2013-03-16 00:00:00,1,-1
229,2013-03-17 00:00:00,1,-1
230,2013-03-16 00:00:00,1,-1
231,2013-03-16 00:00:00,1,-1
232,2013-03-16 00:00:00,1,-1
233,2013-03-16 00:00:00,0,0
234,2013-03-17 00:00:00,0,0
235,2013-03-16 00:00:00,-1,1
236,2013-03-17 00:00:00,-1,1
237,2013-03-17 00:00:00,1,-1
238,2013-03-30 00:00:00,1,-1
239,2013-03-31 00:00:00,-1,1
240,2013-03-30 00:00:00,1,-1
241,2013-04-01 00:00:00,1,-1
242,2013-03-30 00:00:00,1,-1
243,2013-03-30 00:00:00,1,-1
244,2013-03-30 00:00:00,-1,1
245,2013-03-30 00:00:00,-1,1
246,2013-03-30 00:00:00,1,-1
247,2013-03-30 00:00:00,1,-1
248,2013-04-07 00:00:00,1,-1
249,2013-04-07 00:00:00,0,0
250,2013-04-08 00:00:00,-1,1
251,2013-04-07 00:00:00,1,-1
252,2013-04-06 00:00:00,0,0
253,2013-04-07 00:00:00,0,0
254,2013-04-06 00:00:00,-1,1
255,2013-04-06 00:00:00,-1,1
256,2013-04-07 00:00:00,0,0
257,2013-04-06 00:00:00,-1,1
258,2013-04-13 00:00:00,1,-1
259,2013-04-13 00:00:00,0,0
260,2013-05-08 00:00:00,0,0
261,2013-04-13 00:00:00,1,-1
262,2013-05-07 00:00:00,1,-1
263,2013-04-14 00:00:00,-1,1
264,2013-04-13 00:00:00,0,0
265,2013-04-13 00:00:00,0,0
266,2013-04-14 00:00:00,-1,1
267,2013-05-07 00:00:00,-1,1
268,2013-04-20 00:00:00,-1,1
269,2013-04-21 00:00:00,0,0
270,2013-04-22 00:00:00,1,-1
271,2013-04-20 00:00:00,1,-1
272,2013-04-20 00:00:00,-1,1
273,2013-04-20 00:00:00,1,-1
274,2013-04-20 00:00:00,0,0
275,2013-04-21 00:00:00,1,-1
276,2013-04-20 00:00:00,0,0
277,2013-04-20 00:00:00,1,-1
278,2013-04-28 00:00:00,0,0
279,2013-04-29 00:00:00,1,-1
280,2013-04-28 00:00:00,1,-1
281,2013-04-27 00:00:00,1,-1
282,2013-04-27 00:00:00,1,-1
283,2013-04-27 00:00:00,-1,1
284,2013-04-28 00:00:00,0,0
285,2013-04-27 00:00:00,-1,1
286,2013-04-27 00:00:00,1,-1
287,2013-04-27 00:00:00,0,0
288,2013-05-04 00:00:00,-1,1
289,2013-05-05 00:00:00,0,0
290,2013-05-05 00:00:00,-1,1
291,2013-05-04 00:00:00,-1,1
292,2013-05-04 00:00:00,-1,1
293,2013-05-06 00:00:00,0,0
294,2013-05-04 00:00:00,0,0
295,2013-05-04 00:00:00,1,-1
296,2013-05-04 00:00:00,-1,1
297,2013-05-04 00:00:00,0,0
298,2013-05-14 00:00:00,1,-1
299,2013-05-11 00:00:00,-1,1
300,2013-05-12 00:00:00,1,-1
301,2013-05-12 00:00:00,-1,1
302,2013-05-12 00:00:00,1,-1
303,2013-05-12 00:00:00,1,-1
304,2013-05-12 00:00:00,-1,1
305,2013-05-14 00:00:00,-1,1
306,2013-05-12 00:00:00,-1,1
307,2013-05-12 00:00:00,0,0
308,2013-05-19 00:00:00,1,-1
309,2013-05-19 00:00:00,1,-1
310,2013-05-19 00:00:00,-1,1
311,2013-05-19 00:00:00,-1,1
312,2013-05-19 00:00:00,0,0
313,2013-05-19 00:00:00,-1,1
314,2013-05-19 00:00:00,1,-1
315,2013-05-19 00:00:00,0,0
316,2013-05-19 00:00:00,1,-1
317,2013-05-19 00:00:00,0,0
318,2012-09-15 00:00:00,1,-1
319,2012-09-15 00:00:00,1,-1
320,2012-09-17 00:00:00,0,0
321,2012-09-15 00:00:00,1,-1
322,2012-09-15 00:00:00,1,-1
323,2012-09-15 00:00:00,0,0
324,2012-09-15 00:00:00,0,0
325,2012-09-16 00:00:00,-1,1
326,2012-09-15 00:00:00,0,0
327,2012-09-15 00:00:00,0,0
328,2012-09-22 00:00:00,1,-1
329,2012-09-23 00:00:00,-1,1
330,2012-09-23 00:00:00,0,0
331,2012-09-23 00:00:00,1,-1
332,2012-09-22 00:00:00,1,-1
333,2012-09-22 00:00:00,-1,1
334,2012-09-23 00:00:00,1,-1
335,2012-09-22 00:00:00,1,-1
336,2012-09-22 00:00:00,0,0
337,2012-09-22 00:00:00,-1,1
338,2012-09-29 00:00:00,-1,1
339,2012-09-30 00:00:00,0,0
340,2012-09-29 00:00:00,1,-1
341,2012-09-29 00:00:00,-1,1
342,2012-09-29 00:00:00,-1,1
343,2012-09-29 00:00:00,-1,1
344,2012-10-01 00:00:00,-1,1
345,2012-09-29 00:00:00,0,0
346,2012-09-29 00:00:00,1,-1
347,2012-09-29 00:00:00,1,-1
348,2012-10-06 00:00:00,1,-1
349,2012-10-07 00:00:00,0,0
350,2012-10-06 00:00:00,1,-1
351,2012-10-07 00:00:00,-1,1
352,2012-10-07 00:00:00,0,0
353,2012-10-06 00:00:00,0,0
354,2012-10-07 00:00:00,1,-1
355,2012-10-06 00:00:00,1,-1
356,2012-10-06 00:00:00,-1,1
357,2012-10-06 00:00:00,0,0
358,2012-10-20 00:00:00,1,-1
359,2012-10-20 00:00:00,1,-1
360,2012-10-20 00:00:00,1,-1
361,2012-10-20 00:00:00,1,-1
362,2012-10-21 00:00:00,0,0
363,2012-10-21 00:00:00,0,0
364,2012-10-20 00:00:00,1,-1
365,2012-10-20 00:00:00,-1,1
366,2012-10-20 00:00:00,-1,1
367,2012-10-20 00:00:00,1,-1
368,2012-10-27 00:00:00,1,-1
369,2012-10-27 00:00:00,0,0
370,2012-10-28 00:00:00,-1,1
371,2012-10-28 00:00:00,0,0
372,2012-10-27 00:00:00,1,-1
373,2012-10-28 00:00:00,1,-1
374,2012-10-27 00:00:00,0,0
375,2012-10-28 00:00:00,-1,1
376,2012-10-27 00:00:00,0,0
377,2012-10-27 00:00:00,1,-1
378,2012-08-10 00:00:00,0,0
379,2012-08-11 00:00:00,-1,1
380,2012-08-11 00:00:00,1,-1
381,2012-08-11 00:00:00,-1,1
382,2012-08-11 00:00:00,0,0
383,2012-08-12 00:00:00,-1,1
384,2012-08-11 00:00:00,-1,1
385,2012-08-11 00:00:00,-1,1
386,2012-08-11 00:00:00,-1,1
387,2012-08-11 00:00:00,-1,1
388,2012-10-28 00:00:00,1,-1
389,2012-10-27 00:00:00,1,-1
390,2012-10-28 00:00:00,0,0
391,2012-10-27 00:00:00,1,-1
392,2012-10-27 00:00:00,-1,1
393,2012-10-27 00:00:00,0,0
394,2012-10-26 00:00:00,1,-1
395,2012-11-07 00:00:00,1,-1
396,2012-10-27 00:00:00,1,-1
397,2012-11-28 00:00:00,-1,1
398,2012-11-04 00:00:00,-1,1
399,2012-11-02 00:00:00,1,-1
400,2012-11-03 00:00:00,-1,1
401,2012-11-04 00:00:00,1,-1
402,2012-11-03 00:00:00,1,-1
403,2012-11-03 00:00:00,-1,1
404,2012-11-03 00:00:00,1,-1
405,2012-11-03 00:00:00,0,0
406,2012-11-03 00:00:00,1,-1
407,2012-11-10 00:00:00,-1,1
408,2012-11-10 00:00:00,1,-1
409,2012-11-11 00:00:00,-1,1
410,2012-11-11 00:00:00,0,0
411,2012-11-09 00:00:00,-1,1
412,2012-11-10 00:00:00,-1,1
413,2012-11-10 00:00:00,1,-1
414,2012-11-11 00:00:00,0,0
415,2012-11-10 00:00:00,-1,1
416,2012-11-11 00:00:00,0,0
417,2012-11-17 00:00:00,-1,1
418,2012-11-17 00:00:00,1,-1
419,2012-11-17 00:00:00,0,0
420,2012-11-16 00:00:00,1,-1
421,2012-11-18 00:00:00,1,-1
422,2012-11-18 00:00:00,1,-1
423,2012-11-17 00:00:00,-1,1
424,2012-11-17 00:00:00,0,0
425,2012-11-17 00:00:00,0,0
426,2012-11-18 00:00:00,1,-1
427,2012-11-24 00:00:00,1,-1
428,2012-11-25 00:00:00,1,-1
429,2012-11-24 00:00:00,0,0
430,2012-11-24 00:00:00,1,-1
431,2012-11-24 00:00:00,0,0
432,2012-11-23 00:00:00,1,-1
433,2012-11-24 00:00:00,-1,1
434,2012-11-25 00:00:00,1,-1
435,2012-11-25 00:00:00,1,-1
436,2012-11-30 00:00:00,0,0
437,2012-12-01 00:00:00,0,0
438,2012-12-02 00:00:00,-1,1
439,2012-12-01 00:00:00,0,0
440,2012-12-01 00:00:00,0,0
441,2012-12-02 00:00:00,1,-1
442,2012-12-01 00:00:00,1,-1
443,2012-12-01 00:00:00,1,-1
444,2012-12-02 00:00:00,-1,1
445,2012-12-01 00:00:00,1,-1
446,2012-12-09 00:00:00,-1,1
447,2012-12-08 00:00:00,1,-1
448,2012-12-08 00:00:00,0,0
449,2012-12-08 00:00:00,1,-1
450,2012-12-09 00:00:00,0,0
451,2012-12-08 00:00:00,0,0
452,2012-12-09 00:00:00,-1,1
453,2012-12-08 00:00:00,0,0
454,2012-12-07 00:00:00,0,0
455,2012-12-08 00:00:00,0,0
456,2012-12-12 00:00:00,1,-1
457,2012-12-12 00:00:00,-1,1
458,2012-12-13 00:00:00,0,0
459,2012-12-12 00:00:00,-1,1
460,2012-12-12 00:00:00,1,-1
461,2012-12-11 00:00:00,1,-1
462,2012-12-12 00:00:00,1,-1
463,2012-12-12 00:00:00,0,0
464,2012-12-11 00:00:00,1,-1
465,2012-12-11 00:00:00,-1,1
466,2012-12-15 00:00:00,1,-1
467,2012-12-16 00:00:00,0,0
468,2012-12-15 00:00:00,1,-1
469,2012-12-15 00:00:00,0,0
470,2012-12-14 00:00:00,1,-1
471,2012-12-16 00:00:00,-1,1
472,2012-12-15 00:00:00,-1,1
473,2012-12-15 00:00:00,-1,1
474,2012-12-15 00:00:00,1,-1
475,2012-12-16 00:00:00,1,-1
476,2012-12-22 00:00:00,-1,1
477,2012-12-22 00:00:00,1,-1
478,2012-12-22 00:00:00,0,0
479,2012-12-21 00:00:00,-1,1
480,2012-12-22 00:00:00,1,-1
481,2012-12-22 00:00:00,0,0
482,2012-12-22 00:00:00,1,-1
483,2012-12-23 00:00:00,1,-1
484,2012-12-23 00:00:00,1,-1
485,2012-12-23 00:00:00,1,-1
486,2012-08-19 00:00:00,0,0
487,2012-08-18 00:00:00,1,-1
488,2012-08-19 00:00:00,1,-1
489,2012-08-18 00:00:00,1,-1
490,2012-08-17 00:00:00,0,0
491,2012-08-18 00:00:00,1,-1
492,2012-08-18 00:00:00,1,-1
493,2012-08-19 00:00:00,1,-1
494,2012-08-18 00:00:00,1,-1
495,2012-08-18 00:00:00,0,0
496,2013-01-12 00:00:00,-1,1
497,2013-01-12 00:00:00,1,-1
498,2013-01-13 00:00:00,1,-1
499,2013-01-11 00:00:00,0,0
500,2013-01-13 00:00:00,-1,1
501,2013-01-12 00:00:00,-1,1
502,2013-01-11 00:00:00,0,0
503,2013-01-13 00:00:00,1,-1
504,2013-01-12 00:00:00,-1,1
505,2013-01-19 00:00:00,0,0
506,2013-01-20 00:00:00,-1,1
507,2013-01-20 00:00:00,-1,1
508,2013-01-19 00:00:00,-1,1
509,2013-01-20 00:00:00,-1,1
510,2013-01-19 00:00:00,1,-1
511,2013-01-18 00:00:00,0,0
512,2013-01-19 00:00:00,1,-1
513,2013-01-19 00:00:00,1,-1
514,2013-01-27 00:00:00,-1,1
515,2013-01-27 00:00:00,1,-1
516,2013-01-26 00:00:00,0,0
517,2013-01-26 00:00:00,0,0
518,2013-01-27 00:00:00,1,-1
519,2013-01-26 00:00:00,1,-1
520,2013-01-25 00:00:00,-1,1
521,2013-02-03 00:00:00,1,-1
522,2013-02-02 00:00:00,1,-1
523,2013-02-02 00:00:00,-1,1
524,2013-02-02 00:00:00,0,0
525,2013-02-02 00:00:00,0,0
526,2013-02-03 00:00:00,-1,1
527,2013-02-03 00:00:00,1,-1
528,2013-02-02 00:00:00,-1,1
529,2013-02-01 00:00:00,-1,1
530,2013-02-09 00:00:00,1,-1
531,2013-02-10 00:00:00,-1,1
532,2013-02-09 00:00:00,-1,1
533,2013-02-09 00:00:00,0,0
534,2013-02-08 00:00:00,1,-1
535,2013-02-10 00:00:00,1,-1
536,2013-02-09 00:00:00,1,-1
537,2013-02-09 00:00:00,0,0
538,2013-02-09 00:00:00,1,-1
539,2013-02-16 00:00:00,-1,1
540,2013-02-17 00:00:00,-1,1
541,2013-02-16 00:00:00,0,0
542,2013-02-15 00:00:00,1,-1
543,2013-02-16 00:00:00,1,-1
544,2013-02-16 00:00:00,1,-1
545,2013-02-17 00:00:00,0,0
546,2013-02-17 00:00:00,1,-1
547,2013-02-16 00:00:00,0,0
548,2013-02-23 00:00:00,-1,1
549,2013-02-24 00:00:00,-1,1
550,2013-02-24 00:00:00,1,-1
551,2013-02-22 00:00:00,1,-1
552,2013-02-24 00:00:00,1,-1
553,2013-02-23 00:00:00,0,0
554,2013-02-23 00:00:00,0,0
555,2013-02-23 00:00:00,0,0
556,2013-03-02 00:00:00,1,-1
557,2013-03-03 00:00:00,0,0
558,2013-03-03 00:00:00,1,-1
559,2013-03-02 00:00:00,0,0
560,2013-03-03 00:00:00,1,-1
561,2013-03-01 00:00:00,1,-1
562,2013-03-02 00:00:00,1,-1
563,2013-03-02 00:00:00,1,-1
564,2013-03-02 00:00:00,-1,1
565,2013-03-09 00:00:00,1,-1
566,2013-03-10 00:00:00,1,-1
567,2013-03-09 00:00:00,-1,1
568,2013-03-10 00:00:00,0,0
569,2013-03-10 00:00:00,1,-1
570,2013-03-09 00:00:00,1,-1
571,2013-03-08 00:00:00,0,0
572,2013-03-09 00:00:00,1,-1
573,2013-03-09 00:00:00,-1,1
574,2013-03-16 00:00:00,1,-1
575,2013-03-16 00:00:00,1,-1
576,2013-03-15 00:00:00,0,0
577,2013-03-16 00:00:00,0,0
578,2013-03-17 00:00:00,1,-1
579,2013-03-16 00:00:00,1,-1
580,2013-03-17 00:00:00,0,0
581,2013-03-16 00:00:00,0,0
582,2013-03-17 00:00:00,0,0
583,2012-08-24 00:00:00,0,0
584,2012-08-26 00:00:00,-1,1
585,2012-08-25 00:00:00,-1,1
586,2012-08-25 00:00:00,0,0
587,2012-08-26 00:00:00,0,0
588,2012-08-25 00:00:00,1,-1
589,2012-08-25 00:00:00,1,-1
590,2012-08-26 00:00:00,1,-1
591,2012-08-25 00:00:00,0,0
592,2012-08-25 00:00:00,1,-1
593,2013-03-30 00:00:00,-1,1
594,2013-03-30 00:00:00,0,0
595,2013-03-31 00:00:00,-1,1
596,2013-03-31 00:00:00,-1,1
597,2013-03-31 00:00:00,-1,1
598,2013-03-29 00:00:00,1,-1
599,2013-03-30 00:00:00,-1,1
600,2013-03-30 00:00:00,0,0
601,2013-03-30 00:00:00,-1,1
602,2013-04-06 00:00:00,1,-1
603,2013-04-07 00:00:00,1,-1
604,2013-04-05 00:00:00,1,-1
605,2013-04-06 00:00:00,1,-1
606,2013-04-06 00:00:00,1,-1
607,2013-04-07 00:00:00,1,-1
608,2013-04-06 00:00:00,-1,1
609,2013-04-06 00:00:00,0,0
610,2013-04-06 00:00:00,-1,1
611,2013-04-13 00:00:00,0,0
612,2013-04-13 00:00:00,1,-1
613,2013-04-13 00:00:00,-1,1
614,2013-04-14 00:00:00,0,0
615,2013-04-13 00:00:00,1,-1
616,2013-04-14 00:00:00,1,-1
617,2013-04-14 00:00:00,1,-1
618,2013-04-13 00:00:00,-1,1
619,2013-04-12 00:00:00,0,0
620,2013-04-21 00:00:00,-1,1
621,2013-04-20 00:00:00,1,-1
622,2013-04-19 00:00:00,-1,1
623,2013-04-21 00:00:00,1,-1
624,2013-04-21 00:00:00,-1,1
625,2013-04-24 00:00:00,-1,1
626,2013-04-24 00:00:00,1,-1
627,2013-04-21 00:00:00,0,0
628,2013-04-21 00:00:00,-1,1
629,2013-04-27 00:00:00,1,-1
630,2013-04-27 00:00:00,0,0
631,2013-04-27 00:00:00,0,0
632,2013-04-27 00:00:00,-1,1
633,2013-04-28 00:00:00,-1,1
634,2013-04-26 00:00:00,0,0
635,2013-04-27 00:00:00,-1,1
636,2013-04-28 00:00:00,0,0
637,2013-04-28 00:00:00,1,-1
638,2013-04-27 00:00:00,0,0
639,2013-05-04 00:00:00,1,-1
640,2013-05-04 00:00:00,1,-1
641,2013-05-05 00:00:00,0,0
642,2013-05-04 00:00:00,0,0
643,2013-05-05 00:00:00,-1,1
644,2013-05-03 00:00:00,0,0
645,2013-05-04 00:00:00,1,-1
646,2013-05-04 00:00:00,1,-1
647,2013-05-11 00:00:00,-1,1
648,2013-05-11 00:00:00,1,-1
649,2013-05-11 00:00:00,-1,1
650,2013-05-12 00:00:00,1,-1
651,2013-05-12 00:00:00,-1,1
652,2013-05-11 00:00:00,1,-1
653,2013-05-11 00:00:00,1,-1
654,2013-05-18 00:00:00,-1,1
655,2013-05-19 00:00:00,0,0
656,2013-05-18 00:00:00,1,-1
657,2013-05-18 00:00:00,1,-1
658,2013-05-18 00:00:00,0,0
659,2013-05-18 00:00:00,1,-1
660,2013-05-18 00:00:00,-1,1
661,2013-05-18 00:00:00,1,-1
662,2013-05-26 00:00:00,-1,1
663,2013-05-26 00:00:00,-1,1
664,2013-05-26 00:00:00,-1,1
665,2013-05-26 00:00:00,1,-1
666,2013-05-26 00:00:00,0,0
667,2013-05-26 00:00:00,1,-1
668,2013-05-26 00:00:00,1,-1
669,2012-09-01 00:00:00,1,-1
670,2012-09-01 00:00:00,-1,1
671,2012-09-02 00:00:00,0,0
672,2012-09-01 00:00:00,1,-1
673,2012-09-01 00:00:00,1,-1
674,2012-09-01 00:00:00,1,-1
675,2012-09-02 00:00:00,1,-1
676,2012-09-01 00:00:00,-1,1
677,2012-09-01 00:00:00,0,0
678,2012-09-02 00:00:00,-1,1
679,2012-09-15 00:00:00,1,-1
680,2012-09-16 00:00:00,1,-1
681,2012-09-16 00:00:00,-1,1
682,2012-09-15 00:00:00,1,-1
683,2012-09-14 00:00:00,1,-1
684,2012-09-14 00:00:00,1,-1
685,2012-09-16 00:00:00,-1,1
686,2012-09-15 00:00:00,-1,1
687,2012-09-15 00:00:00,0,0
688,2012-09-15 00:00:00,0,0
689,2012-09-22 00:00:00,-1,1
690,2012-09-23 00:00:00,0,0
691,2012-09-22 00:00:00,1,-1
692,2012-09-22 00:00:00,0,0
693,2012-09-23 00:00:00,1,-1
694,2012-09-21 00:00:00,0,0
695,2012-09-22 00:00:00,1,-1
696,2012-09-22 00:00:00,1,-1
697,2012-09-22 00:00:00,0,0
698,2012-09-23 00:00:00,0,0
699,2012-09-29 00:00:00,1,-1
700,2012-09-29 00:00:00,0,0
701,2012-09-30 00:00:00,-1,1
702,2012-09-29 00:00:00,-1,1
703,2012-09-29 00:00:00,0,0
704,2012-09-29 00:00:00,1,-1
705,2012-09-28 00:00:00,1,-1
706,2012-09-30 00:00:00,0,0
707,2012-09-29 00:00:00,-1,1
708,2012-09-30 00:00:00,1,-1
709,2012-10-06 00:00:00,1,-1
710,2012-10-07 00:00:00,0,0
711,2012-10-06 00:00:00,1,-1
712,2012-10-07 00:00:00,0,0
713,2012-10-06 00:00:00,-1,1
714,2012-10-06 00:00:00,1,-1
715,2012-10-05 00:00:00,1,-1
716,2012-10-06 00:00:00,-1,1
717,2012-10-06 00:00:00,0,0
718,2012-10-07 00:00:00,0,0
719,2012-10-21 00:00:00,0,0
720,2012-10-19 00:00:00,0,0
721,2012-10-20 00:00:00,-1,1
722,2012-10-21 00:00:00,1,-1
723,2012-10-20 00:00:00,0,0
724,2012-10-20 00:00:00,0,0
725,2012-10-20 00:00:00,1,-1
726,2012-10-20 00:00:00,1,-1
727,2012-10-21 00:00:00,1,-1
728,2012-10-20 00:00:00,1,-1
729,2012-08-24 00:00:00,1,-1
730,2012-08-26 00:00:00,0,0
731,2012-08-25 00:00:00,0,0
732,2012-08-25 00:00:00,-1,1
733,2012-08-25 00:00:00,-1,1
734,2012-08-25 00:00:00,1,-1
735,2012-08-25 00:00:00,-1,1
736,2012-08-25 00:00:00,1,-1
737,2012-11-03 00:00:00,0,0
738,2012-11-03 00:00:00,0,0
739,2012-11-04 00:00:00,1,-1
740,2012-11-03 00:00:00,1,-1
741,2012-11-04 00:00:00,1,-1
742,2012-11-03 00:00:00,1,-1
743,2012-11-03 00:00:00,1,-1
744,2012-11-03 00:00:00,-1,1
745,2012-11-02 00:00:00,0,0
746,2012-11-10 00:00:00,1,-1
747,2012-11-10 00:00:00,1,-1
748,2012-11-11 00:00:00,-1,1
749,2012-11-11 00:00:00,1,-1
750,2012-11-10 00:00:00,0,0
751,2012-11-09 00:00:00,1,-1
752,2012-11-10 00:00:00,-1,1
753,2012-11-11 00:00:00,-1,1
754,2012-11-10 00:00:00,0,0
755,2012-11-17 00:00:00,1,-1
756,2012-11-17 00:00:00,-1,1
757,2012-11-17 00:00:00,1,-1
758,2012-11-17 00:00:00,-1,1
759,2012-11-18 00:00:00,1,-1
760,2012-11-17 00:00:00,0,0
761,2012-11-18 00:00:00,-1,1
762,2012-11-17 00:00:00,1,-1
763,2012-11-17 00:00:00,1,-1
764,2012-11-24 00:00:00,1,-1
765,2012-11-24 00:00:00,0,0
766,2012-11-24 00:00:00,0,0
767,2012-11-25 00:00:00,-1,1
768,2012-11-25 00:00:00,1,-1
769,2012-11-24 00:00:00,-1,1
770,2012-11-25 00:00:00,0,0
771,2012-11-24 00:00:00,0,0
772,2012-11-23 00:00:00,1,-1
773,2012-11-27 00:00:00,0,0
774,2012-11-28 00:00:00,1,-1
775,2012-11-28 00:00:00,1,-1
776,2012-11-27 00:00:00,1,-1
777,2012-11-28 00:00:00,-1,1
778,2012-11-28 00:00:00,1,-1
779,2012-11-28 00:00:00,-1,1
780,2012-11-27 00:00:00,1,-1
781,2012-11-27 00:00:00,-1,1
782,2012-12-01 00:00:00,0,0
783,2012-12-01 00:00:00,0,0
784,2012-12-01 00:00:00,1,-1
785,2012-12-02 00:00:00,0,0
786,2012-12-02 00:00:00,-1,1
787,2012-12-01 00:00:00,1,-1
788,2012-12-01 00:00:00,0,0
789,2012-12-01 00:00:00,-1,1
790,2012-11-30 00:00:00,1,-1
791,2012-12-08 00:00:00,-1,1
792,2012-12-09 00:00:00,1,-1
793,2012-12-08 00:00:00,1,-1
794,2012-12-09 00:00:00,1,-1
795,2012-12-08 00:00:00,1,-1
796,2012-12-08 00:00:00,1,-1
797,2012-12-08 00:00:00,-1,1
798,2012-12-07 00:00:00,1,-1
799,2012-12-08 00:00:00,1,-1
800,2012-12-14 00:00:00,0,0
801,2012-12-15 00:00:00,-1,1
802,2012-12-15 00:00:00,1,-1
803,2012-12-15 00:00:00,-1,1
804,2012-12-16 00:00:00,0,0
805,2012-12-16 00:00:00,-1,1
806,2012-12-15 00:00:00,1,-1
807,2012-12-15 00:00:00,0,0
808,2012-12-15 00:00:00,1,-1
809,2013-01-19 00:00:00,-1,1
810,2013-01-18 00:00:00,1,-1
811,2013-01-19 00:00:00,0,0
812,2013-01-19 00:00:00,1,-1
813,2013-01-19 00:00:00,0,0
814,2013-01-20 00:00:00,-1,1
815,2013-01-20 00:00:00,0,0
816,2013-01-19 00:00:00,1,-1
817,2013-01-19 00:00:00,1,-1
818,2013-01-27 00:00:00,-1,1
819,2013-01-26 00:00:00,0,0
820,2013-01-26 00:00:00,0,0
821,2013-01-26 00:00:00,1,-1
822,2013-01-27 00:00:00,1,-1
823,2013-01-25 00:00:00,1,-1
824,2013-01-26 00:00:00,1,-1
825,2013-01-26 00:00:00,-1,1
826,2013-01-26 00:00:00,1,-1
827,2012-09-02 00:00:00,1,-1
828,2012-09-01 00:00:00,1,-1
829,2012-09-01 00:00:00,1,-1
830,2012-09-02 00:00:00,-1,1
831,2012-09-01 00:00:00,1,-1
832,2012-09-01 00:00:00,0,0
833,2012-09-01 00:00:00,-1,1
834,2012-08-31 00:00:00,-1,1
835,2012-09-01 00:00:00,0,0
836,2013-02-03 00:00:00,-1,1
837,2013-02-02 00:00:00,-1,1
838,2013-02-03 00:00:00,1,-1
839,2013-02-02 00:00:00,1,-1
840,2013-02-01 00:00:00,1,-1
841,2013-02-02 00:00:00,1,-1
842,2013-02-02 00:00:00,0,0
843,2013-02-02 00:00:00,-1,1
844,2013-02-02 00:00:00,-1,1
845,2013-02-09 00:00:00,1,-1
846,2013-02-09 00:00:00,0,0
847,2013-02-09 00:00:00,-1,1
848,2013-02-09 00:00:00,-1,1
849,2013-02-09 00:00:00,0,0
850,2013-02-09 00:00:00,1,-1
851,2013-02-10 00:00:00,0,0
852,2013-02-09 00:00:00,-1,1
853,2013-02-10 00:00:00,1,-1
854,2013-02-15 00:00:00,-1,1
855,2013-02-16 00:00:00,0,0
856,2013-02-16 00:00:00,1,-1
857,2013-02-17 00:00:00,-1,1
858,2013-02-17 00:00:00,0,0
859,2013-02-16 00:00:00,-1,1
860,2013-02-16 00:00:00,1,-1
861,2013-02-16 00:00:00,1,-1
862,2013-02-16 00:00:00,1,-1
863,2013-02-24 00:00:00,0,0
864,2013-02-24 00:00:00,0,0
865,2013-02-23 00:00:00,0,0
866,2013-02-23 00:00:00,1,-1
867,2013-02-23 00:00:00,0,0
868,2013-02-23 00:00:00,1,-1
869,2013-02-23 00:00:00,1,-1
870,2013-02-22 00:00:00,0,0
871,2013-02-23 00:00:00,1,-1
872,2013-03-03 00:00:00,-1,1
873,2013-03-02 00:00:00,-1,1
874,2013-03-01 00:00:00,-1,1
875,2013-03-02 00:00:00,1,-1
876,2013-03-02 00:00:00,1,-1
877,2013-03-02 00:00:00,0,0
878,2013-03-03 00:00:00,0,0
879,2013-03-02 00:00:00,-1,1
880,2013-03-02 00:00:00,0,0
881,2013-03-09 00:00:00,1,-1
882,2013-03-09 00:00:00,1,-1
883,2013-03-09 00:00:00,-1,1
884,2013-03-09 00:00:00,0,0
885,2013-03-08 00:00:00,-1,1
886,2013-03-09 00:00:00,-1,1
887,2013-03-10 00:00:00,-1,1
888,2013-03-10 00:00:00,0,0
889,2013-03-09 00:00:00,1,-1
890,2013-03-16 00:00:00,-1,1
891,2013-03-16 00:00:00,1,-1
892,2013-03-17 00:00:00,-1,1
893,2013-03-17 00:00:00,1,-1
894,2013-03-16 00:00:00,1,-1
895,2013-03-16 00:00:00,0,0
896,2013-03-16 00:00:00,-1,1
897,2013-03-16 00:00:00,0,0
898,2013-03-15 00:00:00,0,0
899,2013-03-30 00:00:00,-1,1
900,2013-03-30 00:00:00,1,-1
901,2013-03-30 00:00:00,-1,1
902,2013-03-30 00:00:00,-1,1
903,2013-03-30 00:00:00,0,0
904,2013-03-31 00:00:00,0,0
905,2013-03-30 00:00:00,1,-1
906,2013-03-30 00:00:00,1,-1
907,2013-03-31 00:00:00,-1,1
908,2013-04-06 00:00:00,-1,1
909,2013-04-06 00:00:00,-1,1
910,2013-04-07 00:00:00,0,0
911,2013-04-06 00:00:00,0,0
912,2013-04-06 00:00:00,-1,1
913,2013-04-07 00:00:00,1,-1
914,2013-04-06 00:00:00,1,-1
915,2013-04-06 00:00:00,1,-1
916,2013-04-05 00:00:00,1,-1
917,2013-04-13 00:00:00,-1,1
918,2013-04-14 00:00:00,1,-1
919,2013-04-13 00:00:00,0,0
920,2013-04-12 00:00:00,1,-1
921,2013-04-13 00:00:00,0,0
922,2013-04-13 00:00:00,1,-1
923,2013-04-13 00:00:00,0,0
924,2013-04-13 00:00:00,-1,1
925,2013-04-14 00:00:00,1,-1
926,2012-09-15 00:00:00,1,-1
927,2012-09-15 00:00:00,1,-1
928,2012-09-15 00:00:00,-1,1
929,2012-09-15 00:00:00,0,0
930,2012-09-15 00:00:00,1,-1
931,2012-09-16 00:00:00,1,-1
932,2012-09-14 00:00:00,0,0
933,2012-09-15 00:00:00,-1,1
934,2012-09-16 00:00:00,1,-1
935,2013-04-20 00:00:00,-1,1
936,2013-04-20 00:00:00,1,-1
937,2013-04-20 00:00:00,-1,1
938,2013-04-20 00:00:00,1,-1
939,2013-04-21 00:00:00,1,-1
940,2013-04-20 00:00:00,1,-1
941,2013-04-19 00:00:00,1,-1
942,2013-04-21 00:00:00,-1,1
943,2013-04-20 00:00:00,1,-1
944,2013-04-27 00:00:00,-1,1
945,2013-04-27 00:00:00,1,-1
946,2013-04-27 00:00:00,1,-1
947,2013-04-26 00:00:00,-1,1
948,2013-04-27 00:00:00,1,-1
949,2013-04-27 00:00:00,1,-1
950,2013-04-27 00:00:00,1,-1
951,2013-04-28 00:00:00,1,-1
952,2013-04-28 00:00:00,0,0
953,2013-05-04 00:00:00,0,0
954,2013-05-03 00:00:00,-1,1
955,2013-05-04 00:00:00,-1,1
956,2013-05-05 00:00:00,0,0
957,2013-05-04 00:00:00,0,0
958,2013-05-04 00:00:00,0,0
959,2013-05-05 00:00:00,1,-1
960,2013-05-04 00:00:00,-1,1
961,2013-05-04 00:00:00,1,-1
962,2013-05-11 00:00:00,0,0
963,2013-05-11 00:00:00,-1,1
964,2013-05-11 00:00:00,-1,1
965,2013-05-11 00:00:00,1,-1
966,2013-05-11 00:00:00,-1,1
967,2013-05-11 00:00:00,-1,1
968,2013-05-11 00:00:00,1,-1
969,2013-05-11 00:00:00,-1,1
970,2013-05-11 00:00:00,0,0
971,2013-05-18 00:00:00,-1,1
972,2013-05-18 00:00:00,-1,1
973,2013-05-18 00:00:00,-1,1
974,2013-05-18 00:00:00,0,0
975,2013-05-18 00:00:00,1,-1
976,2013-05-18 00:00:00,-1,1
977,2013-05-18 00:00:00,0,0
978,2013-05-18 00:00:00,1,-1
979,2013-05-18 00:00:00,1,-1
980,2012-09-22 00:00:00,-1,1
981,2012-09-23 00:00:00,0,0
982,2012-09-22 00:00:00,0,0
983,2012-09-23 00:00:00,0,0
984,2012-09-21 00:00:00,-1,1
985,2012-09-23 00:00:00,1,-1
986,2012-09-22 00:00:00,1,-1
987,2012-09-22 00:00:00,1,-1
988,2012-09-22 00:00:00,0,0
989,2012-09-25 00:00:00,1,-1
990,2012-09-25 00:00:00,1,-1
991,2012-09-26 00:00:00,0,0
992,2012-09-26 00:00:00,-1,1
993,2012-09-26 00:00:00,1,-1
994,2012-09-26 00:00:00,-1,1
995,2012-09-26 00:00:00,-1,1
996,2012-09-25 00:00:00,-1,1
997,2012-09-25 00:00:00,0,0
998,2012-09-29 00:00:00,1,-1
999,2012-09-29 00:00:00,1,-1
1000,2012-09-30 00:00:00,-1,1
1001,2012-09-29 00:00:00,-1,1
1002,2012-09-29 00:00:00,-1,1
1003,2012-09-29 00:00:00,0,0
1004,2012-09-29 00:00:00,1,-1
1005,2012-09-30 00:00:00,1,-1
1006,2012-09-28 00:00:00,0,0
1007,2012-10-06 00:00:00,1,-1
1008,2012-10-06 00:00:00,1,-1
1009,2012-10-07 00:00:00,1,-1
1010,2012-10-07 00:00:00,0,0
1011,2012-10-07 00:00:00,0,0
1012,2012-10-06 00:00:00,1,-1
1013,2012-10-06 00:00:00,1,-1
1014,2012-10-05 00:00:00,1,-1
1015,2012-10-06 00:00:00,-1,1
1016,2012-10-20 00:00:00,-1,1
1017,2012-10-20 00:00:00,0,0
1018,2012-10-20 00:00:00,-1,1
1019,2012-10-20 00:00:00,1,-1
1020,2012-10-21 00:00:00,0,0
1021,2012-10-19 00:00:00,0,0
1022,2012-10-21 00:00:00,-1,1
1023,2012-10-20 00:00:00,1,-1
1024,2012-10-20 00:00:00,-1,1
1025,2012-10-28 00:00:00,-1,1
1026,2012-10-27 00:00:00,1,-1
1027,2012-10-28 00:00:00,1,-1
1028,2012-10-28 00:00:00,-1,1
1029,2012-10-27 00:00:00,-1,1
1030,2012-10-27 00:00:00,1,-1
1031,2012-10-26 00:00:00,-1,1
1032,2012-10-27 00:00:00,0,0
1033,2012-10-27 00:00:00,-1,1
1034,2012-08-26 00:00:00,-1,1
1035,2012-08-25 00:00:00,1,-1
1036,2012-08-26 00:00:00,1,-1
1037,2012-08-25 00:00:00,1,-1
1038,2012-08-26 00:00:00,-1,1
1039,2012-08-26 00:00:00,-1,1
1040,2012-08-26 00:00:00,-1,1
1041,2012-08-26 00:00:00,0,0
1042,2012-08-26 00:00:00,0,0
1043,2012-10-31 00:00:00,1,-1
1044,2012-10-31 00:00:00,1,-1
1045,2012-10-31 00:00:00,1,-1
1046,2012-11-01 00:00:00,-1,1
1047,2012-10-31 00:00:00,1,-1
1048,2012-10-31 00:00:00,1,-1
1049,2012-10-31 00:00:00,0,0
1050,2012-10-30 00:00:00,0,0
1051,2012-10-31 00:00:00,1,-1
1052,2012-10-31 00:00:00,0,0
1053,2012-11-04 00:00:00,0,0
1054,2012-11-04 00:00:00,1,-1
1055,2012-11-04 00:00:00,1,-1
1056,2012-11-03 00:00:00,-1,1
1057,2012-11-03 00:00:00,1,-1
1058,2012-11-04 00:00:00,0,0
1059,2012-11-04 00:00:00,1,-1
1060,2012-11-04 00:00:00,1,-1
1061,2012-11-04 00:00:00,-1,1
1062,2012-11-04 00:00:00,1,-1
1063,2012-11-11 00:00:00,1,-1
1064,2012-11-10 00:00:00,0,0
1065,2012-11-11 00:00:00,0,0
1066,2012-11-11 00:00:00,-1,1
1067,2012-11-11 00:00:00,1,-1
1068,2012-11-11 00:00:00,-1,1
1069,2012-11-11 00:00:00,1,-1
1070,2012-11-11 00:00:00,0,0
1071,2012-11-10 00:00:00,-1,1
1072,2012-11-11 00:00:00,1,-1
1073,2012-11-18 00:00:00,1,-1
1074,2012-11-18 00:00:00,1,-1
1075,2012-11-18 00:00:00,1,-1
1076,2012-11-18 00:00:00,0,0
1077,2012-11-17 00:00:00,0,0
1078,2012-11-17 00:00:00,0,0
1079,2012-11-19 00:00:00,1,-1
1080,2012-11-18 00:00:00,1,-1
1081,2012-11-18 00:00:00,1,-1
1082,2012-11-18 00:00:00,0,0
1083,2012-11-25 00:00:00,-1,1
1084,2012-11-26 00:00:00,-1,1
1085,2012-11-25 00:00:00,0,0
1086,2012-11-27 00:00:00,1,-1
1087,2012-11-25 00:00:00,1,-1
1088,2012-11-24 00:00:00,1,-1
1089,2012-11-26 00:00:00,1,-1
1090,2012-11-25 00:00:00,-1,1
1091,2012-11-25 00:00:00,1,-1
1092,2012-11-25 00:00:00,0,0
1093,2012-12-02 00:00:00,1,-1
1094,2012-11-30 00:00:00,-1,1
1095,2012-12-02 00:00:00,0,0
1096,2012-12-02 00:00:00,-1,1
1097,2012-12-02 00:00:00,1,-1
1098,2012-12-01 00:00:00,1,-1
1099,2012-12-02 00:00:00,1,-1
1100,2012-12-02 00:00:00,1,-1
1101,2012-12-02 00:00:00,-1,1
1102,2012-12-02 00:00:00,1,-1
1103,2012-12-08 00:00:00,1,-1
1104,2012-12-10 00:00:00,0,0
1105,2012-12-09 00:00:00,-1,1
1106,2012-12-09 00:00:00,1,-1
1107,2012-12-09 00:00:00,-1,1
1108,2012-12-09 00:00:00,1,-1
1109,2012-12-08 00:00:00,1,-1
1110,2012-12-10 00:00:00,-1,1
1111,2012-12-09 00:00:00,-1,1
1112,2012-12-09 00:00:00,-1,1
1113,2012-12-16 00:00:00,1,-1
1114,2012-12-16 00:00:00,1,-1
1115,2012-12-16 00:00:00,1,-1
1116,2012-12-16 00:00:00,0,0
1117,2012-12-16 00:00:00,1,-1
1118,2012-12-15 00:00:00,1,-1
1119,2012-12-16 00:00:00,1,-1
1120,2012-12-16 00:00:00,-1,1
1121,2012-12-16 00:00:00,1,-1
1122,2012-12-15 00:00:00,0,0
1123,2012-12-22 00:00:00,0,0
1124,2012-12-22 00:00:00,-1,1
1125,2012-12-21 00:00:00,-1,1
1126,2012-12-22 00:00:00,0,0
1127,2012-12-22 00:00:00,-1,1
1128,2012-12-21 00:00:00,1,-1
1129,2012-12-22 00:00:00,1,-1
1130,2012-12-22 00:00:00,-1,1
1131,2012-12-22 00:00:00,-1,1
1132,2012-12-22 00:00:00,1,-1
1133,2013-01-05 00:00:00,0,0
1134,2013-01-06 00:00:00,1,-1
1135,2013-01-06 00:00:00,-1,1
1136,2013-01-06 00:00:00,1,-1
1137,2013-01-06 00:00:00,-1,1
1138,2013-01-05 00:00:00,1,-1
1139,2013-01-06 00:00:00,1,-1
1140,2013-01-06 00:00:00,1,-1
1141,2013-01-06 00:00:00,1,-1
1142,2013-01-06 00:00:00,1,-1
1143,2012-09-02 00:00:00,0,0
1144,2012-09-02 00:00:00,1,-1
1145,2012-09-02 00:00:00,-1,1
1146,2012-09-02 00:00:00,1,-1
1147,2012-09-02 00:00:00,1,-1
1148,2012-09-02 00:00:00,1,-1
1149,2012-09-02 00:00:00,1,-1
1150,2012-09-01 00:00:00,1,-1
1151,2012-09-02 00:00:00,-1,1
1152,2013-01-13 00:00:00,1,-1
1153,2013-01-12 00:00:00,1,-1
1154,2013-01-13 00:00:00,1,-1
1155,2013-01-13 00:00:00,1,-1
1156,2013-01-13 00:00:00,0,0
1157,2013-01-13 00:00:00,0,0
1158,2013-01-13 00:00:00,1,-1
1159,2013-01-12 00:00:00,1,-1
1160,2013-01-13 00:00:00,1,-1
1161,2013-01-13 00:00:00,1,-1
1162,2013-01-20 00:00:00,0,0
1163,2013-01-20 00:00:00,-1,1
1164,2013-01-20 00:00:00,0,0
1165,2013-01-19 00:00:00,0,0
1166,2013-01-20 00:00:00,0,0
1167,2013-01-20 00:00:00,0,0
1168,2013-01-20 00:00:00,1,-1
1169,2013-01-20 00:00:00,-1,1
1170,2013-01-19 00:00:00,1,-1
1171,2013-01-26 00:00:00,-1,1
1172,2013-01-27 00:00:00,1,-1
1173,2013-01-26 00:00:00,0,0
1174,2013-01-27 00:00:00,-1,1
1175,2013-01-27 00:00:00,-1,1
1176,2013-01-27 00:00:00,0,0
1177,2013-01-27 00:00:00,1,-1
1178,2013-01-27 00:00:00,0,0
1179,2013-01-27 00:00:00,1,-1
1180,2013-01-27 00:00:00,0,0
1181,2013-02-03 00:00:00,-1,1
1182,2013-02-03 00:00:00,-1,1
1183,2013-02-01 00:00:00,-1,1
1184,2013-02-02 00:00:00,1,-1
1185,2013-02-03 00:00:00,1,-1
1186,2013-02-03 00:00:00,-1,1
1187,2013-02-03 00:00:00,1,-1
1188,2013-02-03 00:00:00,1,-1
1189,2013-02-02 00:00:00,0,0
1190,2013-02-03 00:00:00,1,-1
1191,2013-02-10 00:00:00,0,0
1192,2013-02-10 00:00:00,1,-1
1193,2013-02-09 00:00:00,1,-1
1194,2013-02-10 00:00:00,0,0
1195,2013-02-10 00:00:00,0,0
1196,2013-02-09 00:00:00,0,0
1197,2013-02-10 00:00:00,0,0
1198,2013-02-10 00:00:00,1,-1
1199,2013-02-10 00:00:00,0,0
1200,2013-02-10 00:00:00,1,-1
1201,2013-02-17 00:00:00,1,-1
1202,2013-02-17 00:00:00,1,-1
1203,2013-02-17 00:00:00,-1,1
1204,2013-02-17 00:00:00,1,-1
1205,2013-02-16 00:00:00,1,-1
1206,2013-02-18 00:00:00,1,-1
1207,2013-02-16 00:00:00,0,0
1208,2013-02-15 00:00:00,1,-1
1209,2013-02-17 00:00:00,0,0
1210,2013-02-17 00:00:00,1,-1
1211,2013-02-24 00:00:00,-1,1
1212,2013-02-24 00:00:00,1,-1
1213,2013-02-26 00:00:00,1,-1
1214,2013-02-23 00:00:00,0,0
1215,2013-02-24 00:00:00,0,0
1216,2013-02-25 00:00:00,0,0
1217,2013-02-25 00:00:00,1,-1
1218,2013-02-24 00:00:00,-1,1
1219,2013-02-24 00:00:00,1,-1
1220,2013-02-24 00:00:00,1,-1
1221,2013-03-03 00:00:00,-1,1
1222,2013-03-03 00:00:00,1,-1
1223,2013-03-03 00:00:00,1,-1
1224,2013-03-03 00:00:00,1,-1
1225,2013-03-03 00:00:00,-1,1
1226,2013-03-01 00:00:00,0,0
1227,2013-03-02 00:00:00,1,-1
1228,2013-03-03 00:00:00,0,0
1229,2013-03-03 00:00:00,1,-1
1230,2013-03-03 00:00:00,-1,1
1231,2013-03-10 00:00:00,-1,1
1232,2013-03-10 00:00:00,1,-1
1233,2013-03-10 00:00:00,-1,1
1234,2013-03-08 00:00:00,-1,1
1235,2013-03-10 00:00:00,1,-1
1236,2013-03-10 00:00:00,1,-1
1237,2013-03-09 00:00:00,0,0
1238,2013-03-10 00:00:00,1,-1
1239,2013-03-10 00:00:00,-1,1
1240,2013-03-10 00:00:00,1,-1
1241,2013-03-17 00:00:00,1,-1
1242,2013-03-17 00:00:00,0,0
1243,2013-03-17 00:00:00,-1,1
1244,2013-03-17 00:00:00,1,-1
1245,2013-04-03 00:00:00,-1,1
1246,2013-03-16 00:00:00,-1,1
1247,2013-03-17 00:00:00,1,-1
1248,2013-03-17 00:00:00,1,-1
1249,2013-03-17 00:00:00,1,-1
1250,2013-03-16 00:00:00,1,-1
1251,2012-09-16 00:00:00,-1,1
1252,2012-09-16 00:00:00,1,-1
1253,2012-09-16 00:00:00,-1,1
1254,2012-09-15 00:00:00,-1,1
1255,2012-09-16 00:00:00,1,-1
1256,2012-09-15 00:00:00,0,0
1257,2012-09-16 00:00:00,-1,1
1258,2012-09-16 00:00:00,-1,1
1259,2012-09-16 00:00:00,0,0
1260,2012-09-16 00:00:00,-1,1
1261,2013-03-30 00:00:00,0,0
1262,2013-03-30 00:00:00,1,-1
1263,2013-03-30 00:00:00,1,-1
1264,2013-03-30 00:00:00,-1,1
1265,2013-03-30 00:00:00,-1,1
1266,2013-03-30 00:00:00,-1,1
1267,2013-03-30 00:00:00,1,-1
1268,2013-03-30 00:00:00,1,-1
1269,2013-03-30 00:00:00,0,0
1270,2013-03-30 00:00:00,0,0
1271,2013-04-07 00:00:00,-1,1
1272,2013-04-07 00:00:00,0,0
1273,2013-04-07 00:00:00,1,-1
1274,2013-04-07 00:00:00,1,-1
1275,2013-04-08 00:00:00,0,0
1276,2013-04-07 00:00:00,0,0
1277,2013-04-07 00:00:00,-1,1
1278,2013-04-07 00:00:00,0,0
1279,2013-04-06 00:00:00,1,-1
1280,2013-04-06 00:00:00,0,0
1281,2013-04-14 00:00:00,0,0
1282,2013-04-14 00:00:00,0,0
1283,2013-04-13 00:00:00,-1,1
1284,2013-04-14 00:00:00,1,-1
1285,2013-04-15 00:00:00,-1,1
1286,2013-04-14 00:00:00,0,0
1287,2013-04-14 00:00:00,-1,1
1288,2013-04-14 00:00:00,0,0
1289,2013-04-13 00:00:00,-1,1
1290,2013-04-14 00:00:00,-1,1
1291,2013-04-20 00:00:00,0,0
1292,2013-04-21 00:00:00,1,-1
1293,2013-04-21 00:00:00,-1,1
1294,2013-04-20 00:00:00,1,-1
1295,2013-04-21 00:00:00,1,-1
1296,2013-04-21 00:00:00,0,0
1297,2013-04-21 00:00:00,1,-1
1298,2013-04-21 00:00:00,0,0
1299,2013-04-21 00:00:00,0,0
1300,2013-04-21 00:00:00,1,-1
1301,2013-04-27 00:00:00,0,0
1302,2013-04-28 00:00:00,1,-1
1303,2013-04-28 00:00:00,-1,1
1304,2013-04-28 00:00:00,-1,1
1305,2013-04-28 00:00:00,1,-1
1306,2013-04-28 00:00:00,-1,1
1307,2013-04-28 00:00:00,0,0
1308,2013-04-27 00:00:00,-1,1
1309,2013-04-28 00:00:00,1,-1
1310,2013-04-27 00:00:00,-1,1
1311,2013-05-05 00:00:00,1,-1
1312,2013-05-05 00:00:00,1,-1
1313,2013-05-05 00:00:00,1,-1
1314,2013-05-05 00:00:00,1,-1
1315,2013-05-04 00:00:00,-1,1
1316,2013-05-05 00:00:00,1,-1
1317,2013-05-05 00:00:00,1,-1
1318,2013-05-05 00:00:00,1,-1
1319,2013-05-08 00:00:00,0,0
1320,2013-05-07 00:00:00,-1,1
1321,2013-05-08 00:00:00,-1,1
1322,2013-05-08 00:00:00,-1,1
1323,2013-05-08 00:00:00,-1,1
1324,2013-05-08 00:00:00,-1,1
1325,2013-05-08 00:00:00,-1,1
1326,2013-05-12 00:00:00,1,-1
1327,2013-05-11 00:00:00,0,0
1328,2013-05-12 00:00:00,0,0
1329,2013-05-12 00:00:00,0,0
1330,2013-05-12 00:00:00,1,-1
1331,2013-05-12 00:00:00,1,-1
1332,2013-05-19 00:00:00,0,0
1333,2013-05-19 00:00:00,0,0
1334,2013-05-19 00:00:00,-1,1
1335,2013-05-19 00:00:00,0,0
1336,2013-05-18 00:00:00,1,-1
1337,2013-05-19 00:00:00,1,-1
1338,2013-05-19 00:00:00,-1,1
1339,2013-05-19 00:00:00,1,-1
1340,2013-05-19 00:00:00,-1,1
1341,2012-09-23 00:00:00,1,-1
1342,2012-09-23 00:00:00,0,0
1343,2012-09-23 00:00:00,0,0
1344,2012-09-23 00:00:00,-1,1
1345,2012-09-22 00:00:00,1,-1
1346,2012-09-23 00:00:00,-1,1
1347,2012-09-22 00:00:00,0,0
1348,2012-09-23 00:00:00,0,0
1349,2012-09-23 00:00:00,1,-1
1350,2012-09-26 00:00:00,1,-1
1351,2012-09-26 00:00:00,-1,1
1352,2012-09-25 00:00:00,0,0
1353,2012-09-26 00:00:00,0,0
1354,2012-09-26 00:00:00,1,-1
1355,2012-09-26 00:00:00,1,-1
1356,2012-09-26 00:00:00,1,-1
1357,2012-09-26 00:00:00,0,0
1358,2012-09-27 00:00:00,1,-1
1359,2012-09-26 00:00:00,0,0
1360,2012-09-30 00:00:00,-1,1
1361,2012-09-30 00:00:00,1,-1
1362,2012-09-30 00:00:00,1,-1
1363,2012-09-29 00:00:00,1,-1
1364,2012-09-30 00:00:00,1,-1
1365,2012-09-30 00:00:00,1,-1
1366,2012-09-29 00:00:00,0,0
1367,2012-09-30 00:00:00,-1,1
1368,2012-09-30 00:00:00,0,0
1369,2012-10-07 00:00:00,1,-1
1370,2012-10-06 00:00:00,1,-1
1371,2012-10-06 00:00:00,0,0
1372,2012-10-07 00:00:00,-1,1
1373,2012-10-07 00:00:00,1,-1
1374,2012-10-07 00:00:00,-1,1
1375,2012-10-07 00:00:00,1,-1
1376,2012-10-07 00:00:00,-1,1
1377,2012-10-07 00:00:00,-1,1
1378,2012-10-21 00:00:00,1,-1
1379,2012-10-21 00:00:00,1,-1
1380,2012-10-21 00:00:00,0,0
1381,2012-10-21 00:00:00,-1,1
1382,2012-10-21 00:00:00,1,-1
1383,2012-10-20 00:00:00,1,-1
1384,2012-10-20 00:00:00,1,-1
1385,2012-10-21 00:00:00,0,0
1386,2012-10-21 00:00:00,1,-1
1387,2012-10-21 00:00:00,1,-1
1388,2012-10-28 00:00:00,-1,1
1389,2012-10-28 00:00:00,-1,1
1390,2012-10-28 00:00:00,1,-1
1391,2012-10-27 00:00:00,1,-1
1392,2012-10-28 00:00:00,1,-1
1393,2012-10-28 00:00:00,0,0
1394,2012-10-28 00:00:00,-1,1
1395,2012-10-28 00:00:00,-1,1
1396,2012-10-27 00:00:00,0,0
1397,2012-10-28 00:00:00,-1,1
1398,2012-08-19 00:00:00,-1,1
1399,2012-08-19 00:00:00,0,0
1400,2012-08-19 00:00:00,1,-1
1401,2012-08-18 00:00:00,1,-1
1402,2012-08-19 00:00:00,0,0
1403,2012-08-20 00:00:00,-1,1
1404,2012-08-18 00:00:00,-1,1
1405,2012-08-18 00:00:00,1,-1
1406,2012-08-20 00:00:00,1,-1
1407,2012-08-20 00:00:00,1,-1
1408,2012-11-03 00:00:00,-1,1
1409,2012-11-04 00:00:00,-1,1
1410,2012-11-04 00:00:00,-1,1
1411,2012-11-03 00:00:00,1,-1
1412,2012-11-05 00:00:00,-1,1
1413,2012-11-04 00:00:00,-1,1
1414,2012-11-04 00:00:00,0,0
1415,2012-11-03 00:00:00,1,-1
1416,2012-11-04 00:00:00,1,-1
1417,2012-11-03 00:00:00,1,-1
1418,2012-11-10 00:00:00,-1,1
1419,2012-11-10 00:00:00,-1,1
1420,2012-11-11 00:00:00,0,0
1421,2012-11-11 00:00:00,1,-1
1422,2012-11-09 00:00:00,-1,1
1423,2012-11-11 00:00:00,1,-1
1424,2012-11-11 00:00:00,-1,1
1425,2012-11-10 00:00:00,1,-1
1426,2012-11-11 00:00:00,-1,1
1427,2012-11-10 00:00:00,1,-1
1428,2012-11-19 00:00:00,1,-1
1429,2012-11-17 00:00:00,0,0
1430,2012-11-17 00:00:00,1,-1
1431,2012-11-18 00:00:00,1,-1
1432,2012-11-18 00:00:00,-1,1
1433,2012-11-18 00:00:00,1,-1
1434,2012-11-17 00:00:00,1,-1
1435,2012-11-18 00:00:00,-1,1
1436,2012-11-18 00:00:00,0,0
1437,2012-11-23 00:00:00,0,0
1438,2012-11-24 00:00:00,1,-1
1439,2012-11-25 00:00:00,-1,1
1440,2012-11-24 00:00:00,1,-1
1441,2012-11-25 00:00:00,1,-1
1442,2012-11-24 00:00:00,1,-1
1443,2012-11-25 00:00:00,0,0
1444,2012-11-25 00:00:00,-1,1
1445,2012-11-26 00:00:00,-1,1
1446,2012-11-24 00:00:00,1,-1
1447,2012-11-30 00:00:00,1,-1
1448,2012-12-01 00:00:00,-1,1
1449,2012-12-01 00:00:00,1,-1
1450,2012-12-02 00:00:00,0,0
1451,2012-12-03 00:00:00,-1,1
1452,2012-12-01 00:00:00,1,-1
1453,2012-12-02 00:00:00,-1,1
1454,2012-12-01 00:00:00,1,-1
1455,2012-12-02 00:00:00,0,0
1456,2012-12-02 00:00:00,0,0
1457,2012-12-08 00:00:00,-1,1
1458,2012-12-08 00:00:00,0,0
1459,2012-12-08 00:00:00,1,-1
1460,2012-12-07 00:00:00,0,0
1461,2012-12-08 00:00:00,-1,1
1462,2012-12-09 00:00:00,1,-1
1463,2012-12-09 00:00:00,-1,1
1464,2012-12-09 00:00:00,1,-1
1465,2012-12-09 00:00:00,1,-1
1466,2012-12-10 00:00:00,-1,1
1467,2012-12-16 00:00:00,0,0
1468,2012-12-17 00:00:00,0,0
1469,2012-12-16 00:00:00,1,-1
1470,2012-12-17 00:00:00,-1,1
1471,2012-12-15 00:00:00,-1,1
1472,2012-12-16 00:00:00,-1,1
1473,2012-12-15 00:00:00,0,0
1474,2012-12-15 00:00:00,0,0
1475,2012-12-15 00:00:00,-1,1
1476,2012-12-21 00:00:00,1,-1
1477,2012-12-22 00:00:00,-1,1
1478,2012-12-20 00:00:00,1,-1
1479,2012-12-22 00:00:00,1,-1
1480,2012-12-20 00:00:00,1,-1
1481,2012-12-22 00:00:00,-1,1
1482,2012-12-21 00:00:00,1,-1
1483,2012-12-22 00:00:00,-1,1
1484,2012-12-22 00:00:00,-1,1
1485,2012-12-20 00:00:00,1,-1
1486,2013-01-07 00:00:00,1,-1
1487,2013-01-05 00:00:00,-1,1
1488,2013-01-05 00:00:00,1,-1
1489,2013-01-06 00:00:00,1,-1
1490,2013-01-05 00:00:00,1,-1
1491,2013-01-06 00:00:00,1,-1
1492,2013-01-06 00:00:00,1,-1
1493,2013-01-06 00:00:00,0,0
1494,2013-01-04 00:00:00,-1,1
1495,2013-01-05 00:00:00,1,-1
1496,2013-01-14 00:00:00,0,0
1497,2013-01-12 00:00:00,1,-1
1498,2013-01-12 00:00:00,0,0
1499,2013-01-13 00:00:00,0,0
1500,2013-01-13 00:00:00,-1,1
1501,2013-01-12 00:00:00,1,-1
1502,2013-01-12 00:00:00,1,-1
1503,2013-01-13 00:00:00,1,-1
1504,2013-01-13 00:00:00,1,-1
1505,2013-01-11 00:00:00,-1,1
1506,2012-08-25 00:00:00,-1,1
1507,2012-08-27 00:00:00,1,-1
1508,2012-08-27 00:00:00,1,-1
1509,2012-08-25 00:00:00,0,0
1510,2012-08-25 00:00:00,1,-1
1511,2012-08-26 00:00:00,1,-1
1512,2012-08-26 00:00:00,0,0
1513,2013-01-21 00:00:00,0,0
1514,2013-01-20 00:00:00,1,-1
1515,2013-01-18 00:00:00,1,-1
1516,2013-01-19 00:00:00,0,0
1517,2013-01-19 00:00:00,1,-1
1518,2013-01-20 00:00:00,1,-1
1519,2013-01-20 00:00:00,-1,1
1520,2013-01-19 00:00:00,0,0
1521,2013-01-19 00:00:00,1,-1
1522,2013-01-27 00:00:00,1,-1
1523,2013-01-27 00:00:00,1,-1
1524,2013-01-26 00:00:00,1,-1
1525,2013-01-26 00:00:00,0,0
1526,2013-01-27 00:00:00,-1,1
1527,2013-01-26 00:00:00,0,0
1528,2013-01-27 00:00:00,1,-1
1529,2013-01-26 00:00:00,-1,1
1530,2013-01-27 00:00:00,1,-1
1531,2013-01-28 00:00:00,1,-1
1532,2013-02-03 00:00:00,1,-1
1533,2013-02-01 00:00:00,0,0
1534,2013-02-02 00:00:00,1,-1
1535,2013-02-03 00:00:00,1,-1
1536,2013-02-02 00:00:00,1,-1
1537,2013-02-03 00:00:00,0,0
1538,2013-02-02 00:00:00,1,-1
1539,2013-02-02 00:00:00,1,-1
1540,2013-02-03 00:00:00,1,-1
1541,2013-02-10 00:00:00,1,-1
1542,2013-02-11 00:00:00,0,0
1543,2013-02-10 00:00:00,-1,1
1544,2013-02-09 00:00:00,-1,1
1545,2013-02-10 00:00:00,-1,1
1546,2013-02-09 00:00:00,0,0
1547,2013-02-09 00:00:00,-1,1
1548,2013-02-10 00:00:00,1,-1
1549,2013-02-09 00:00:00,-1,1
1550,2013-02-09 00:00:00,1,-1
1551,2013-02-17 00:00:00,-1,1
1552,2013-02-17 00:00:00,1,-1
1553,2013-02-16 00:00:00,1,-1
1554,2013-02-17 00:00:00,0,0
1555,2013-02-16 00:00:00,1,-1
1556,2013-02-17 00:00:00,1,-1
1557,2013-02-16 00:00:00,1,-1
1558,2013-02-16 00:00:00,-1,1
1559,2013-02-15 00:00:00,1,-1
1560,2013-02-17 00:00:00,1,-1
1561,2013-02-24 00:00:00,-1,1
1562,2013-02-24 00:00:00,1,-1
1563,2013-02-24 00:00:00,1,-1
1564,2013-02-22 00:00:00,-1,1
1565,2013-02-25 00:00:00,-1,1
1566,2013-02-23 00:00:00,-1,1
1567,2013-02-24 00:00:00,1,-1
1568,2013-02-23 00:00:00,1,-1
1569,2013-02-23 00:00:00,-1,1
1570,2013-03-03 00:00:00,0,0
1571,2013-03-03 00:00:00,0,0
1572,2013-03-03 00:00:00,0,0
1573,2013-03-02 00:00:00,-1,1
1574,2013-03-02 00:00:00,0,0
1575,2013-03-01 00:00:00,1,-1
1576,2013-03-03 00:00:00,-1,1
1577,2013-03-04 00:00:00,1,-1
1578,2013-03-02 00:00:00,1,-1
1579,2013-03-02 00:00:00,0,0
1580,2013-03-09 00:00:00,1,-1
1581,2013-03-09 00:00:00,0,0
1582,2013-03-10 00:00:00,-1,1
1583,2013-03-08 00:00:00,1,-1
1584,2013-03-10 00:00:00,1,-1
1585,2013-03-10 00:00:00,0,0
1586,2013-03-11 00:00:00,0,0
1587,2013-03-09 00:00:00,1,-1
1588,2013-03-10 00:00:00,-1,1
1589,2013-03-09 00:00:00,1,-1
1590,2013-03-17 00:00:00,-1,1
1591,2013-03-16 00:00:00,1,-1
1592,2013-03-17 00:00:00,-1,1
1593,2013-03-16 00:00:00,1,-1
1594,2013-03-16 00:00:00,1,-1
1595,2013-03-17 00:00:00,0,0
1596,2013-03-17 00:00:00,1,-1
1597,2013-03-16 00:00:00,1,-1
1598,2013-03-15 00:00:00,1,-1
1599,2013-03-17 00:00:00,1,-1
1600,2013-03-30 00:00:00,-1,1
1601,2013-03-31 00:00:00,0,0
1602,2013-03-31 00:00:00,-1,1
1603,2013-03-31 00:00:00,0,0
1604,2013-04-01 00:00:00,0,0
1605,2013-04-01 00:00:00,1,-1
1606,2013-03-30 00:00:00,1,-1
1607,2013-03-30 00:00:00,0,0
1608,2013-03-31 00:00:00,-1,1
1609,2013-03-30 00:00:00,0,0
1610,2012-09-26 00:00:00,-1,1
1611,2012-09-02 00:00:00,1,-1
1612,2012-09-01 00:00:00,1,-1
1613,2012-09-01 00:00:00,1,-1
1614,2012-09-01 00:00:00,0,0
1615,2012-09-02 00:00:00,1,-1
1616,2012-09-02 00:00:00,0,0
1617,2013-04-06 00:00:00,1,-1
1618,2013-04-07 00:00:00,-1,1
1619,2013-04-07 00:00:00,1,-1
1620,2013-04-07 00:00:00,0,0
1621,2013-04-05 00:00:00,-1,1
1622,2013-04-08 00:00:00,1,-1
1623,2013-04-06 00:00:00,1,-1
1624,2013-04-06 00:00:00,1,-1
1625,2013-04-06 00:00:00,1,-1
1626,2013-04-07 00:00:00,-1,1
1627,2013-04-14 00:00:00,-1,1
1628,2013-04-13 00:00:00,1,-1
1629,2013-04-13 00:00:00,0,0
1630,2013-04-13 00:00:00,1,-1
1631,2013-04-14 00:00:00,1,-1
1632,2013-04-12 00:00:00,0,0
1633,2013-04-14 00:00:00,-1,1
1634,2013-04-13 00:00:00,-1,1
1635,2013-04-14 00:00:00,-1,1
1636,2013-04-15 00:00:00,1,-1
1637,2013-04-21 00:00:00,0,0
1638,2013-04-20 00:00:00,1,-1
1639,2013-04-21 00:00:00,-1,1
1640,2013-04-20 00:00:00,0,0
1641,2013-04-21 00:00:00,-1,1
1642,2013-04-20 00:00:00,1,-1
1643,2013-04-21 00:00:00,0,0
1644,2013-04-20 00:00:00,1,-1
1645,2013-04-22 00:00:00,1,-1
1646,2013-04-19 00:00:00,0,0
1647,2013-04-26 00:00:00,0,0
1648,2013-04-28 00:00:00,1,-1
1649,2013-04-28 00:00:00,1,-1
1650,2013-04-28 00:00:00,-1,1
1651,2013-04-28 00:00:00,0,0
1652,2013-04-27 00:00:00,-1,1
1653,2013-04-29 00:00:00,0,0
1654,2013-04-27 00:00:00,0,0
1655,2013-04-27 00:00:00,-1,1
1656,2013-05-04 00:00:00,1,-1
1657,2013-05-06 00:00:00,1,-1
1658,2013-05-04 00:00:00,1,-1
1659,2013-05-05 00:00:00,1,-1
1660,2013-05-04 00:00:00,1,-1
1661,2013-05-04 00:00:00,0,0
1662,2013-05-05 00:00:00,1,-1
1663,2013-05-03 00:00:00,0,0
1664,2013-05-05 00:00:00,0,0
1665,2013-05-05 00:00:00,1,-1
1666,2013-05-12 00:00:00,-1,1
1667,2013-05-11 00:00:00,1,-1
1668,2013-05-13 00:00:00,0,0
1669,2013-05-12 00:00:00,0,0
1670,2013-05-11 00:00:00,0,0
1671,2013-05-11 00:00:00,1,-1
1672,2013-05-12 00:00:00,-1,1
1673,2013-05-12 00:00:00,1,-1
1674,2013-05-11 00:00:00,1,-1
1675,2013-05-18 00:00:00,-1,1
1676,2013-05-18 00:00:00,1,-1
1677,2013-05-18 00:00:00,-1,1
1678,2013-05-08 00:00:00,1,-1
1679,2013-05-19 00:00:00,1,-1
1680,2013-05-19 00:00:00,1,-1
1681,2013-05-08 00:00:00,-1,1
1682,2013-05-20 00:00:00,1,-1
1683,2013-05-19 00:00:00,-1,1
1684,2013-05-26 00:00:00,-1,1
1685,2013-05-26 00:00:00,1,-1
1686,2013-05-26 00:00:00,1,-1
1687,2013-05-26 00:00:00,0,0
1688,2013-05-26 00:00:00,1,-1
1689,2013-05-26 00:00:00,-1,1
1690,2013-05-26 00:00:00,-1,1
1691,2013-05-26 00:00:00,0,0
1692,2013-05-26 00:00:00,1,-1
1693,2013-05-26 00:00:00,-1,1
1694,2013-06-01 00:00:00,1,-1
1695,2013-06-01 00:00:00,1,-1
1696,2013-06-01 00:00:00,1,-1
1697,2013-06-01 00:00:00,1,-1
1698,2013-06-01 00:00:00,-1,1
1699,2013-06-01 00:00:00,1,-1
1700,2013-06-01 00:00:00,0,0
1701,2013-06-01 00:00:00,0,0
1702,2012-09-16 00:00:00,1,-1
1703,2012-09-17 00:00:00,-1,1
1704,2012-09-16 00:00:00,0,0
1705,2012-09-15 00:00:00,1,-1
1706,2012-09-16 00:00:00,1,-1
1707,2012-09-16 00:00:00,0,0
1708,2012-09-15 00:00:00,1,-1
1709,2012-09-15 00:00:00,-1,1
1710,2012-09-16 00:00:00,0,0
1711,2012-09-15 00:00:00,1,-1
1712,2012-09-23 00:00:00,1,-1
1713,2012-09-22 00:00:00,1,-1
1714,2012-09-23 00:00:00,0,0
1715,2012-09-23 00:00:00,1,-1
1716,2012-09-22 00:00:00,1,-1
1717,2012-09-23 00:00:00,1,-1
1718,2012-09-22 00:00:00,1,-1
1719,2012-09-22 00:00:00,1,-1
1720,2012-09-24 00:00:00,-1,1
1721,2012-09-24 00:00:00,-1,1
1722,2012-09-30 00:00:00,1,-1
1723,2012-09-30 00:00:00,-1,1
1724,2012-09-29 00:00:00,1,-1
1725,2012-09-29 00:00:00,1,-1
1726,2012-09-30 00:00:00,1,-1
1727,2012-09-29 00:00:00,1,-1
1728,2012-10-01 00:00:00,1,-1
1729,2012-09-30 00:00:00,1,-1
1730,2012-09-29 00:00:00,-1,1
1731,2012-09-30 00:00:00,1,-1
1732,2012-10-06 00:00:00,0,0
1733,2012-10-07 00:00:00,1,-1
1734,2012-10-06 00:00:00,1,-1
1735,2012-10-07 00:00:00,1,-1
1736,2012-10-07 00:00:00,1,-1
1737,2012-10-06 00:00:00,-1,1
1738,2012-10-07 00:00:00,-1,1
1739,2012-10-05 00:00:00,1,-1
1740,2012-10-07 00:00:00,0,0
1741,2012-10-06 00:00:00,1,-1
1742,2012-10-21 00:00:00,1,-1
1743,2012-10-20 00:00:00,1,-1
1744,2012-10-21 00:00:00,-1,1
1745,2012-10-21 00:00:00,0,0
1746,2012-10-20 00:00:00,1,-1
1747,2012-10-21 00:00:00,-1,1
1748,2012-10-21 00:00:00,-1,1
1749,2012-10-22 00:00:00,1,-1
1750,2012-10-20 00:00:00,1,-1
1751,2012-10-20 00:00:00,-1,1
1752,2012-10-27 00:00:00,0,0
1753,2012-10-29 00:00:00,0,0
1754,2012-10-28 00:00:00,1,-1
1755,2012-10-27 00:00:00,1,-1
1756,2012-10-28 00:00:00,-1,1
1757,2012-10-28 00:00:00,1,-1
1758,2012-10-28 00:00:00,1,-1
1759,2012-10-28 00:00:00,-1,1
1760,2012-10-27 00:00:00,0,0
1761,2012-10-27 00:00:00,-1,1
